{
 "realized_spread": 0.090723,
 "hist_bins": [
  -0.112488,
  -0.104971,
  -0.097453,
  -0.089936,
  -0.082418,
  -0.074901,
  -0.067384,
  -0.059866,
  -0.052349,
  -0.044832,
  -0.037314,
  -0.029797,
  -0.02228,
  -0.014762,
  -0.007245,
  0.000273,
  0.00779,
  0.015307,
  0.022825,
  0.030342,
  0.037859,
  0.045377,
  0.052894,
  0.060411,
  0.067929,
  0.075446,
  0.082964,
  0.090481,
  0.097998,
  0.105516,
  0.113033
 ],
 "hist_counts": [
  3,
  1,
  2,
  6,
  6,
  12,
  20,
  16,
  29,
  51,
  49,
  57,
  82,
  75,
  82,
  76,
  82,
  87,
  66,
  60,
  45,
  32,
  23,
  19,
  8,
  6,
  2,
  1,
  1,
  1
 ]
}